{
  "editorLastVersion": "0.6.21a",
  "playerSettings": {},
  "globalSettings": {},
  "blockedList": {},
  "advScalingSettings": true,
  "showLoadingInfo": true,
  "serverSettings": {},
  "editorSelectMouseButton": 0.0,
  "wikiOfflineMode": true,
  "titleScreenButton": true,
  "friendSettings": {},
  "keybinds": {},
  "editorDragMouseButton": -1.0,
  "editorInvertCamY": true,
  "editorMenuMouseButton": 1.0,
  "editorRotateMouseButton": 2.0,
  "safetyProfiles": {},
  "editorRecentProjects": [
    "D:\\Foxy\\Projects\\CPM\\FoxyVanilla.cpmproject",
    "D:\\Foxy\\Projects\\CPM\\Foxy.cpmproject"
  ],
  "editorScale": 2.0,
  "selectedModel": "FoxyBlep.cpmmodel",
  "editorUVAreaAlpha": 0.8
}